k,n,dist,treatment_shift,parameter,test_name,alpha,rejection_rate
3,3,F1,7.5,25.0,JT_test,0.05,0.88662
3,3,F1,7.5,25.0,DD_test,0.05,0.947632
3,3,F1,7.5,25.335570469798657,JT_test,0.05,0.883476
3,3,F1,7.5,25.335570469798657,DD_test,0.05,0.946376
3,3,F1,7.5,25.671140939597315,JT_test,0.05,0.880392
3,3,F1,7.5,25.671140939597315,DD_test,0.05,0.943836
3,3,F1,7.5,26.006711409395972,JT_test,0.05,0.878216
3,3,F1,7.5,26.006711409395972,DD_test,0.05,0.941972
3,3,F1,7.5,26.34228187919463,JT_test,0.05,0.87344
3,3,F1,7.5,26.34228187919463,DD_test,0.05,0.93944
3,3,F1,7.5,26.677852348993287,JT_test,0.05,0.869504
3,3,F1,7.5,26.677852348993287,DD_test,0.05,0.936552
3,3,F1,7.5,27.013422818791945,JT_test,0.05,0.867092
3,3,F1,7.5,27.013422818791945,DD_test,0.05,0.934976
3,3,F1,7.5,27.348993288590606,JT_test,0.05,0.862072
3,3,F1,7.5,27.348993288590606,DD_test,0.05,0.931024
3,3,F1,7.5,27.684563758389263,JT_test,0.05,0.859452
3,3,F1,7.5,27.684563758389263,DD_test,0.05,0.929768
3,3,F1,7.5,28.02013422818792,JT_test,0.05,0.85566
3,3,F1,7.5,28.02013422818792,DD_test,0.05,0.926976
3,3,F1,7.5,28.355704697986578,JT_test,0.05,0.853352
3,3,F1,7.5,28.355704697986578,DD_test,0.05,0.925176
3,3,F1,7.5,28.691275167785236,JT_test,0.05,0.849724
3,3,F1,7.5,28.691275167785236,DD_test,0.05,0.922276
3,3,F1,7.5,29.026845637583893,JT_test,0.05,0.845644
3,3,F1,7.5,29.026845637583893,DD_test,0.05,0.919336
3,3,F1,7.5,29.36241610738255,JT_test,0.05,0.84268
3,3,F1,7.5,29.36241610738255,DD_test,0.05,0.917248
3,3,F1,7.5,29.697986577181208,JT_test,0.05,0.838408
3,3,F1,7.5,29.697986577181208,DD_test,0.05,0.913636
3,3,F1,7.5,30.033557046979865,JT_test,0.05,0.834372
3,3,F1,7.5,30.033557046979865,DD_test,0.05,0.911424
3,3,F1,7.5,30.369127516778523,JT_test,0.05,0.83086
3,3,F1,7.5,30.369127516778523,DD_test,0.05,0.90776
3,3,F1,7.5,30.70469798657718,JT_test,0.05,0.82684
3,3,F1,7.5,30.70469798657718,DD_test,0.05,0.904992
3,3,F1,7.5,31.04026845637584,JT_test,0.05,0.823888
3,3,F1,7.5,31.04026845637584,DD_test,0.05,0.902584
3,3,F1,7.5,31.375838926174495,JT_test,0.05,0.820672
3,3,F1,7.5,31.375838926174495,DD_test,0.05,0.90052
3,3,F1,7.5,31.711409395973156,JT_test,0.05,0.817152
3,3,F1,7.5,31.711409395973156,DD_test,0.05,0.898632
3,3,F1,7.5,32.04697986577181,JT_test,0.05,0.81404
3,3,F1,7.5,32.04697986577181,DD_test,0.05,0.895468
3,3,F1,7.5,32.38255033557047,JT_test,0.05,0.810576
3,3,F1,7.5,32.38255033557047,DD_test,0.05,0.893428
3,3,F1,7.5,32.718120805369125,JT_test,0.05,0.806016
3,3,F1,7.5,32.718120805369125,DD_test,0.05,0.889816
3,3,F1,7.5,33.053691275167786,JT_test,0.05,0.804772
3,3,F1,7.5,33.053691275167786,DD_test,0.05,0.88794
3,3,F1,7.5,33.38926174496645,JT_test,0.05,0.798328
3,3,F1,7.5,33.38926174496645,DD_test,0.05,0.883432
3,3,F1,7.5,33.7248322147651,JT_test,0.05,0.795488
3,3,F1,7.5,33.7248322147651,DD_test,0.05,0.88194
3,3,F1,7.5,34.060402684563755,JT_test,0.05,0.7919
3,3,F1,7.5,34.060402684563755,DD_test,0.05,0.879044
3,3,F1,7.5,34.395973154362416,JT_test,0.05,0.789612
3,3,F1,7.5,34.395973154362416,DD_test,0.05,0.876524
3,3,F1,7.5,34.73154362416108,JT_test,0.05,0.785872
3,3,F1,7.5,34.73154362416108,DD_test,0.05,0.872416
3,3,F1,7.5,35.06711409395973,JT_test,0.05,0.782756
3,3,F1,7.5,35.06711409395973,DD_test,0.05,0.87138
3,3,F1,7.5,35.40268456375839,JT_test,0.05,0.778716
3,3,F1,7.5,35.40268456375839,DD_test,0.05,0.868196
3,3,F1,7.5,35.738255033557046,JT_test,0.05,0.7733
3,3,F1,7.5,35.738255033557046,DD_test,0.05,0.863216
3,3,F1,7.5,36.07382550335571,JT_test,0.05,0.7712
3,3,F1,7.5,36.07382550335571,DD_test,0.05,0.862176
3,3,F1,7.5,36.40939597315436,JT_test,0.05,0.768924
3,3,F1,7.5,36.40939597315436,DD_test,0.05,0.859392
3,3,F1,7.5,36.74496644295302,JT_test,0.05,0.763556
3,3,F1,7.5,36.74496644295302,DD_test,0.05,0.855664
3,3,F1,7.5,37.08053691275168,JT_test,0.05,0.762396
3,3,F1,7.5,37.08053691275168,DD_test,0.05,0.85486
3,3,F1,7.5,37.41610738255034,JT_test,0.05,0.760052
3,3,F1,7.5,37.41610738255034,DD_test,0.05,0.852176
3,3,F1,7.5,37.75167785234899,JT_test,0.05,0.75536
3,3,F1,7.5,37.75167785234899,DD_test,0.05,0.848156
3,3,F1,7.5,38.08724832214765,JT_test,0.05,0.753068
3,3,F1,7.5,38.08724832214765,DD_test,0.05,0.846256
3,3,F1,7.5,38.42281879194631,JT_test,0.05,0.749636
3,3,F1,7.5,38.42281879194631,DD_test,0.05,0.842948
3,3,F1,7.5,38.758389261744966,JT_test,0.05,0.746056
3,3,F1,7.5,38.758389261744966,DD_test,0.05,0.840644
3,3,F1,7.5,39.09395973154363,JT_test,0.05,0.740892
3,3,F1,7.5,39.09395973154363,DD_test,0.05,0.836532
3,3,F1,7.5,39.42953020134228,JT_test,0.05,0.737992
3,3,F1,7.5,39.42953020134228,DD_test,0.05,0.833452
3,3,F1,7.5,39.76510067114094,JT_test,0.05,0.735824
3,3,F1,7.5,39.76510067114094,DD_test,0.05,0.832272
3,3,F1,7.5,40.100671140939596,JT_test,0.05,0.73282
3,3,F1,7.5,40.100671140939596,DD_test,0.05,0.82926
3,3,F1,7.5,40.43624161073826,JT_test,0.05,0.730648
3,3,F1,7.5,40.43624161073826,DD_test,0.05,0.827428
3,3,F1,7.5,40.77181208053691,JT_test,0.05,0.726216
3,3,F1,7.5,40.77181208053691,DD_test,0.05,0.823024
3,3,F1,7.5,41.10738255033557,JT_test,0.05,0.72454
3,3,F1,7.5,41.10738255033557,DD_test,0.05,0.820544
3,3,F1,7.5,41.442953020134226,JT_test,0.05,0.720384
3,3,F1,7.5,41.442953020134226,DD_test,0.05,0.81846
3,3,F1,7.5,41.77852348993289,JT_test,0.05,0.71854
3,3,F1,7.5,41.77852348993289,DD_test,0.05,0.816576
3,3,F1,7.5,42.11409395973155,JT_test,0.05,0.714844
3,3,F1,7.5,42.11409395973155,DD_test,0.05,0.812724
3,3,F1,7.5,42.4496644295302,JT_test,0.05,0.712708
3,3,F1,7.5,42.4496644295302,DD_test,0.05,0.811472
3,3,F1,7.5,42.785234899328856,JT_test,0.05,0.708312
3,3,F1,7.5,42.785234899328856,DD_test,0.05,0.806656
3,3,F1,7.5,43.12080536912752,JT_test,0.05,0.705808
3,3,F1,7.5,43.12080536912752,DD_test,0.05,0.806304
3,3,F1,7.5,43.45637583892618,JT_test,0.05,0.702424
3,3,F1,7.5,43.45637583892618,DD_test,0.05,0.802112
3,3,F1,7.5,43.79194630872483,JT_test,0.05,0.698552
3,3,F1,7.5,43.79194630872483,DD_test,0.05,0.79816
3,3,F1,7.5,44.127516778523486,JT_test,0.05,0.69614
3,3,F1,7.5,44.127516778523486,DD_test,0.05,0.796272
3,3,F1,7.5,44.463087248322154,JT_test,0.05,0.693944
3,3,F1,7.5,44.463087248322154,DD_test,0.05,0.795048
3,3,F1,7.5,44.79865771812081,JT_test,0.05,0.691392
3,3,F1,7.5,44.79865771812081,DD_test,0.05,0.791748
3,3,F1,7.5,45.13422818791946,JT_test,0.05,0.687016
3,3,F1,7.5,45.13422818791946,DD_test,0.05,0.788368
3,3,F1,7.5,45.46979865771812,JT_test,0.05,0.686008
3,3,F1,7.5,45.46979865771812,DD_test,0.05,0.787888
3,3,F1,7.5,45.805369127516784,JT_test,0.05,0.682016
3,3,F1,7.5,45.805369127516784,DD_test,0.05,0.78416
3,3,F1,7.5,46.14093959731544,JT_test,0.05,0.679704
3,3,F1,7.5,46.14093959731544,DD_test,0.05,0.78108
3,3,F1,7.5,46.47651006711409,JT_test,0.05,0.6752
3,3,F1,7.5,46.47651006711409,DD_test,0.05,0.778372
3,3,F1,7.5,46.81208053691275,JT_test,0.05,0.673668
3,3,F1,7.5,46.81208053691275,DD_test,0.05,0.776148
3,3,F1,7.5,47.14765100671141,JT_test,0.05,0.672028
3,3,F1,7.5,47.14765100671141,DD_test,0.05,0.774696
3,3,F1,7.5,47.48322147651007,JT_test,0.05,0.667184
3,3,F1,7.5,47.48322147651007,DD_test,0.05,0.769288
3,3,F1,7.5,47.81879194630872,JT_test,0.05,0.665092
3,3,F1,7.5,47.81879194630872,DD_test,0.05,0.767648
3,3,F1,7.5,48.15436241610738,JT_test,0.05,0.662216
3,3,F1,7.5,48.15436241610738,DD_test,0.05,0.765216
3,3,F1,7.5,48.48993288590604,JT_test,0.05,0.65824
3,3,F1,7.5,48.48993288590604,DD_test,0.05,0.7628
3,3,F1,7.5,48.8255033557047,JT_test,0.05,0.658128
3,3,F1,7.5,48.8255033557047,DD_test,0.05,0.760784
3,3,F1,7.5,49.16107382550336,JT_test,0.05,0.654184
3,3,F1,7.5,49.16107382550336,DD_test,0.05,0.757624
3,3,F1,7.5,49.49664429530202,JT_test,0.05,0.652824
3,3,F1,7.5,49.49664429530202,DD_test,0.05,0.757104
3,3,F1,7.5,49.83221476510067,JT_test,0.05,0.648396
3,3,F1,7.5,49.83221476510067,DD_test,0.05,0.752468
3,3,F1,7.5,50.16778523489933,JT_test,0.05,0.646704
3,3,F1,7.5,50.16778523489933,DD_test,0.05,0.751084
3,3,F1,7.5,50.50335570469799,JT_test,0.05,0.644644
3,3,F1,7.5,50.50335570469799,DD_test,0.05,0.748836
3,3,F1,7.5,50.83892617449665,JT_test,0.05,0.640568
3,3,F1,7.5,50.83892617449665,DD_test,0.05,0.744928
3,3,F1,7.5,51.1744966442953,JT_test,0.05,0.637828
3,3,F1,7.5,51.1744966442953,DD_test,0.05,0.742544
3,3,F1,7.5,51.51006711409396,JT_test,0.05,0.636628
3,3,F1,7.5,51.51006711409396,DD_test,0.05,0.741512
3,3,F1,7.5,51.84563758389262,JT_test,0.05,0.63514
3,3,F1,7.5,51.84563758389262,DD_test,0.05,0.740516
3,3,F1,7.5,52.18120805369128,JT_test,0.05,0.633576
3,3,F1,7.5,52.18120805369128,DD_test,0.05,0.73734
3,3,F1,7.5,52.51677852348993,JT_test,0.05,0.63028
3,3,F1,7.5,52.51677852348993,DD_test,0.05,0.734724
3,3,F1,7.5,52.85234899328859,JT_test,0.05,0.628188
3,3,F1,7.5,52.85234899328859,DD_test,0.05,0.73258
3,3,F1,7.5,53.187919463087255,JT_test,0.05,0.626576
3,3,F1,7.5,53.187919463087255,DD_test,0.05,0.731048
3,3,F1,7.5,53.52348993288591,JT_test,0.05,0.622156
3,3,F1,7.5,53.52348993288591,DD_test,0.05,0.72744
3,3,F1,7.5,53.85906040268456,JT_test,0.05,0.620488
3,3,F1,7.5,53.85906040268456,DD_test,0.05,0.725192
3,3,F1,7.5,54.19463087248322,JT_test,0.05,0.618732
3,3,F1,7.5,54.19463087248322,DD_test,0.05,0.723264
3,3,F1,7.5,54.530201342281885,JT_test,0.05,0.615856
3,3,F1,7.5,54.530201342281885,DD_test,0.05,0.720548
3,3,F1,7.5,54.86577181208054,JT_test,0.05,0.613652
3,3,F1,7.5,54.86577181208054,DD_test,0.05,0.717688
3,3,F1,7.5,55.20134228187919,JT_test,0.05,0.611408
3,3,F1,7.5,55.20134228187919,DD_test,0.05,0.715932
3,3,F1,7.5,55.53691275167785,JT_test,0.05,0.60736
3,3,F1,7.5,55.53691275167785,DD_test,0.05,0.712524
3,3,F1,7.5,55.872483221476514,JT_test,0.05,0.605212
3,3,F1,7.5,55.872483221476514,DD_test,0.05,0.711232
3,3,F1,7.5,56.20805369127517,JT_test,0.05,0.603624
3,3,F1,7.5,56.20805369127517,DD_test,0.05,0.709736
3,3,F1,7.5,56.54362416107382,JT_test,0.05,0.60248
3,3,F1,7.5,56.54362416107382,DD_test,0.05,0.708056
3,3,F1,7.5,56.87919463087248,JT_test,0.05,0.600344
3,3,F1,7.5,56.87919463087248,DD_test,0.05,0.705004
3,3,F1,7.5,57.214765100671144,JT_test,0.05,0.59648
3,3,F1,7.5,57.214765100671144,DD_test,0.05,0.702412
3,3,F1,7.5,57.5503355704698,JT_test,0.05,0.596104
3,3,F1,7.5,57.5503355704698,DD_test,0.05,0.700416
3,3,F1,7.5,57.88590604026846,JT_test,0.05,0.593204
3,3,F1,7.5,57.88590604026846,DD_test,0.05,0.69856
3,3,F1,7.5,58.22147651006711,JT_test,0.05,0.591392
3,3,F1,7.5,58.22147651006711,DD_test,0.05,0.696592
3,3,F1,7.5,58.557046979865774,JT_test,0.05,0.588824
3,3,F1,7.5,58.557046979865774,DD_test,0.05,0.694076
3,3,F1,7.5,58.89261744966443,JT_test,0.05,0.5873
3,3,F1,7.5,58.89261744966443,DD_test,0.05,0.693412
3,3,F1,7.5,59.22818791946309,JT_test,0.05,0.58528
3,3,F1,7.5,59.22818791946309,DD_test,0.05,0.690812
3,3,F1,7.5,59.56375838926175,JT_test,0.05,0.581956
3,3,F1,7.5,59.56375838926175,DD_test,0.05,0.6864
3,3,F1,7.5,59.899328859060404,JT_test,0.05,0.58058
3,3,F1,7.5,59.899328859060404,DD_test,0.05,0.6864
3,3,F1,7.5,60.234899328859065,JT_test,0.05,0.577632
3,3,F1,7.5,60.234899328859065,DD_test,0.05,0.682508
3,3,F1,7.5,60.57046979865772,JT_test,0.05,0.5758
3,3,F1,7.5,60.57046979865772,DD_test,0.05,0.68104
3,3,F1,7.5,60.90604026845638,JT_test,0.05,0.57254
3,3,F1,7.5,60.90604026845638,DD_test,0.05,0.678508
3,3,F1,7.5,61.241610738255034,JT_test,0.05,0.571244
3,3,F1,7.5,61.241610738255034,DD_test,0.05,0.677288
3,3,F1,7.5,61.577181208053695,JT_test,0.05,0.569264
3,3,F1,7.5,61.577181208053695,DD_test,0.05,0.674364
3,3,F1,7.5,61.91275167785235,JT_test,0.05,0.568748
3,3,F1,7.5,61.91275167785235,DD_test,0.05,0.673588
3,3,F1,7.5,62.24832214765101,JT_test,0.05,0.564684
3,3,F1,7.5,62.24832214765101,DD_test,0.05,0.669816
3,3,F1,7.5,62.58389261744966,JT_test,0.05,0.563332
3,3,F1,7.5,62.58389261744966,DD_test,0.05,0.669616
3,3,F1,7.5,62.919463087248324,JT_test,0.05,0.562724
3,3,F1,7.5,62.919463087248324,DD_test,0.05,0.667628
3,3,F1,7.5,63.25503355704698,JT_test,0.05,0.559568
3,3,F1,7.5,63.25503355704698,DD_test,0.05,0.665308
3,3,F1,7.5,63.59060402684564,JT_test,0.05,0.559276
3,3,F1,7.5,63.59060402684564,DD_test,0.05,0.663316
3,3,F1,7.5,63.9261744966443,JT_test,0.05,0.554112
3,3,F1,7.5,63.9261744966443,DD_test,0.05,0.660076
3,3,F1,7.5,64.26174496644296,JT_test,0.05,0.553444
3,3,F1,7.5,64.26174496644296,DD_test,0.05,0.658552
3,3,F1,7.5,64.59731543624162,JT_test,0.05,0.552176
3,3,F1,7.5,64.59731543624162,DD_test,0.05,0.656544
3,3,F1,7.5,64.93288590604027,JT_test,0.05,0.550648
3,3,F1,7.5,64.93288590604027,DD_test,0.05,0.65494
3,3,F1,7.5,65.26845637583892,JT_test,0.05,0.548152
3,3,F1,7.5,65.26845637583892,DD_test,0.05,0.653608
3,3,F1,7.5,65.60402684563758,JT_test,0.05,0.548024
3,3,F1,7.5,65.60402684563758,DD_test,0.05,0.652228
3,3,F1,7.5,65.93959731543625,JT_test,0.05,0.544016
3,3,F1,7.5,65.93959731543625,DD_test,0.05,0.64924
3,3,F1,7.5,66.2751677852349,JT_test,0.05,0.543836
3,3,F1,7.5,66.2751677852349,DD_test,0.05,0.64966
3,3,F1,7.5,66.61073825503357,JT_test,0.05,0.541608
3,3,F1,7.5,66.61073825503357,DD_test,0.05,0.646544
3,3,F1,7.5,66.94630872483222,JT_test,0.05,0.538536
3,3,F1,7.5,66.94630872483222,DD_test,0.05,0.642484
3,3,F1,7.5,67.28187919463087,JT_test,0.05,0.53832
3,3,F1,7.5,67.28187919463087,DD_test,0.05,0.642516
3,3,F1,7.5,67.61744966442953,JT_test,0.05,0.5365
3,3,F1,7.5,67.61744966442953,DD_test,0.05,0.640348
3,3,F1,7.5,67.95302013422818,JT_test,0.05,0.534668
3,3,F1,7.5,67.95302013422818,DD_test,0.05,0.63942
3,3,F1,7.5,68.28859060402685,JT_test,0.05,0.531956
3,3,F1,7.5,68.28859060402685,DD_test,0.05,0.636716
3,3,F1,7.5,68.6241610738255,JT_test,0.05,0.530072
3,3,F1,7.5,68.6241610738255,DD_test,0.05,0.634344
3,3,F1,7.5,68.95973154362417,JT_test,0.05,0.527404
3,3,F1,7.5,68.95973154362417,DD_test,0.05,0.6315
3,3,F1,7.5,69.29530201342283,JT_test,0.05,0.528228
3,3,F1,7.5,69.29530201342283,DD_test,0.05,0.631528
3,3,F1,7.5,69.63087248322148,JT_test,0.05,0.524824
3,3,F1,7.5,69.63087248322148,DD_test,0.05,0.629092
3,3,F1,7.5,69.96644295302013,JT_test,0.05,0.523032
3,3,F1,7.5,69.96644295302013,DD_test,0.05,0.62786
3,3,F1,7.5,70.30201342281879,JT_test,0.05,0.520008
3,3,F1,7.5,70.30201342281879,DD_test,0.05,0.624328
3,3,F1,7.5,70.63758389261744,JT_test,0.05,0.520312
3,3,F1,7.5,70.63758389261744,DD_test,0.05,0.623872
3,3,F1,7.5,70.97315436241611,JT_test,0.05,0.517548
3,3,F1,7.5,70.97315436241611,DD_test,0.05,0.621632
3,3,F1,7.5,71.30872483221476,JT_test,0.05,0.517468
3,3,F1,7.5,71.30872483221476,DD_test,0.05,0.621048
3,3,F1,7.5,71.64429530201343,JT_test,0.05,0.515452
3,3,F1,7.5,71.64429530201343,DD_test,0.05,0.619608
3,3,F1,7.5,71.97986577181209,JT_test,0.05,0.512028
3,3,F1,7.5,71.97986577181209,DD_test,0.05,0.616308
3,3,F1,7.5,72.31543624161074,JT_test,0.05,0.510516
3,3,F1,7.5,72.31543624161074,DD_test,0.05,0.613032
3,3,F1,7.5,72.6510067114094,JT_test,0.05,0.510124
3,3,F1,7.5,72.6510067114094,DD_test,0.05,0.612008
3,3,F1,7.5,72.98657718120805,JT_test,0.05,0.508244
3,3,F1,7.5,72.98657718120805,DD_test,0.05,0.612508
3,3,F1,7.5,73.32214765100672,JT_test,0.05,0.503604
3,3,F1,7.5,73.32214765100672,DD_test,0.05,0.606924
3,3,F1,7.5,73.65771812080537,JT_test,0.05,0.504264
3,3,F1,7.5,73.65771812080537,DD_test,0.05,0.6056
3,3,F1,7.5,73.99328859060404,JT_test,0.05,0.504052
3,3,F1,7.5,73.99328859060404,DD_test,0.05,0.606516
3,3,F1,7.5,74.32885906040269,JT_test,0.05,0.501996
3,3,F1,7.5,74.32885906040269,DD_test,0.05,0.605236
3,3,F1,7.5,74.66442953020135,JT_test,0.05,0.500396
3,3,F1,7.5,74.66442953020135,DD_test,0.05,0.603268
3,3,F1,7.5,75.0,JT_test,0.05,0.499184
3,3,F1,7.5,75.0,DD_test,0.05,0.602792
3,3,F3,3.0,0.0,JT_test,0.05,0.821148
3,3,F3,3.0,0.0,DD_test,0.05,0.901332
3,3,F3,3.0,0.002684563758389262,JT_test,0.05,0.819464
3,3,F3,3.0,0.002684563758389262,DD_test,0.05,0.900192
3,3,F3,3.0,0.005369127516778524,JT_test,0.05,0.815416
3,3,F3,3.0,0.005369127516778524,DD_test,0.05,0.8958
3,3,F3,3.0,0.008053691275167786,JT_test,0.05,0.815288
3,3,F3,3.0,0.008053691275167786,DD_test,0.05,0.895604
3,3,F3,3.0,0.010738255033557048,JT_test,0.05,0.813832
3,3,F3,3.0,0.010738255033557048,DD_test,0.05,0.892604
3,3,F3,3.0,0.01342281879194631,JT_test,0.05,0.811504
3,3,F3,3.0,0.01342281879194631,DD_test,0.05,0.889992
3,3,F3,3.0,0.016107382550335572,JT_test,0.05,0.808464
3,3,F3,3.0,0.016107382550335572,DD_test,0.05,0.887236
3,3,F3,3.0,0.018791946308724834,JT_test,0.05,0.80616
3,3,F3,3.0,0.018791946308724834,DD_test,0.05,0.883944
3,3,F3,3.0,0.021476510067114096,JT_test,0.05,0.804064
3,3,F3,3.0,0.021476510067114096,DD_test,0.05,0.882908
3,3,F3,3.0,0.02416107382550336,JT_test,0.05,0.799664
3,3,F3,3.0,0.02416107382550336,DD_test,0.05,0.879464
3,3,F3,3.0,0.02684563758389262,JT_test,0.05,0.799144
3,3,F3,3.0,0.02684563758389262,DD_test,0.05,0.877524
3,3,F3,3.0,0.029530201342281882,JT_test,0.05,0.798416
3,3,F3,3.0,0.029530201342281882,DD_test,0.05,0.875876
3,3,F3,3.0,0.032214765100671144,JT_test,0.05,0.795156
3,3,F3,3.0,0.032214765100671144,DD_test,0.05,0.87342
3,3,F3,3.0,0.034899328859060406,JT_test,0.05,0.791596
3,3,F3,3.0,0.034899328859060406,DD_test,0.05,0.870744
3,3,F3,3.0,0.03758389261744967,JT_test,0.05,0.79252
3,3,F3,3.0,0.03758389261744967,DD_test,0.05,0.869664
3,3,F3,3.0,0.04026845637583893,JT_test,0.05,0.788096
3,3,F3,3.0,0.04026845637583893,DD_test,0.05,0.865464
3,3,F3,3.0,0.04295302013422819,JT_test,0.05,0.786744
3,3,F3,3.0,0.04295302013422819,DD_test,0.05,0.864964
3,3,F3,3.0,0.045637583892617455,JT_test,0.05,0.783444
3,3,F3,3.0,0.045637583892617455,DD_test,0.05,0.861036
3,3,F3,3.0,0.04832214765100672,JT_test,0.05,0.782036
3,3,F3,3.0,0.04832214765100672,DD_test,0.05,0.858536
3,3,F3,3.0,0.05100671140939598,JT_test,0.05,0.77944
3,3,F3,3.0,0.05100671140939598,DD_test,0.05,0.856864
3,3,F3,3.0,0.05369127516778524,JT_test,0.05,0.776588
3,3,F3,3.0,0.05369127516778524,DD_test,0.05,0.854416
3,3,F3,3.0,0.0563758389261745,JT_test,0.05,0.776604
3,3,F3,3.0,0.0563758389261745,DD_test,0.05,0.853028
3,3,F3,3.0,0.059060402684563765,JT_test,0.05,0.772756
3,3,F3,3.0,0.059060402684563765,DD_test,0.05,0.850052
3,3,F3,3.0,0.06174496644295303,JT_test,0.05,0.772232
3,3,F3,3.0,0.06174496644295303,DD_test,0.05,0.848672
3,3,F3,3.0,0.06442953020134229,JT_test,0.05,0.767644
3,3,F3,3.0,0.06442953020134229,DD_test,0.05,0.844856
3,3,F3,3.0,0.06711409395973156,JT_test,0.05,0.765516
3,3,F3,3.0,0.06711409395973156,DD_test,0.05,0.842452
3,3,F3,3.0,0.06979865771812081,JT_test,0.05,0.76412
3,3,F3,3.0,0.06979865771812081,DD_test,0.05,0.841292
3,3,F3,3.0,0.07248322147651007,JT_test,0.05,0.760844
3,3,F3,3.0,0.07248322147651007,DD_test,0.05,0.838328
3,3,F3,3.0,0.07516778523489934,JT_test,0.05,0.75896
3,3,F3,3.0,0.07516778523489934,DD_test,0.05,0.835424
3,3,F3,3.0,0.0778523489932886,JT_test,0.05,0.757444
3,3,F3,3.0,0.0778523489932886,DD_test,0.05,0.83426
3,3,F3,3.0,0.08053691275167786,JT_test,0.05,0.756292
3,3,F3,3.0,0.08053691275167786,DD_test,0.05,0.832192
3,3,F3,3.0,0.08322147651006712,JT_test,0.05,0.753448
3,3,F3,3.0,0.08322147651006712,DD_test,0.05,0.829676
3,3,F3,3.0,0.08590604026845639,JT_test,0.05,0.751624
3,3,F3,3.0,0.08590604026845639,DD_test,0.05,0.827136
3,3,F3,3.0,0.08859060402684565,JT_test,0.05,0.751504
3,3,F3,3.0,0.08859060402684565,DD_test,0.05,0.826368
3,3,F3,3.0,0.09127516778523491,JT_test,0.05,0.747816
3,3,F3,3.0,0.09127516778523491,DD_test,0.05,0.823484
3,3,F3,3.0,0.09395973154362416,JT_test,0.05,0.744584
3,3,F3,3.0,0.09395973154362416,DD_test,0.05,0.820504
3,3,F3,3.0,0.09664429530201343,JT_test,0.05,0.744496
3,3,F3,3.0,0.09664429530201343,DD_test,0.05,0.81952
3,3,F3,3.0,0.0993288590604027,JT_test,0.05,0.741152
3,3,F3,3.0,0.0993288590604027,DD_test,0.05,0.816096
3,3,F3,3.0,0.10201342281879196,JT_test,0.05,0.738992
3,3,F3,3.0,0.10201342281879196,DD_test,0.05,0.815296
3,3,F3,3.0,0.10469798657718121,JT_test,0.05,0.737316
3,3,F3,3.0,0.10469798657718121,DD_test,0.05,0.812364
3,3,F3,3.0,0.10738255033557048,JT_test,0.05,0.734376
3,3,F3,3.0,0.10738255033557048,DD_test,0.05,0.810444
3,3,F3,3.0,0.11006711409395975,JT_test,0.05,0.732428
3,3,F3,3.0,0.11006711409395975,DD_test,0.05,0.807164
3,3,F3,3.0,0.112751677852349,JT_test,0.05,0.730988
3,3,F3,3.0,0.112751677852349,DD_test,0.05,0.806344
3,3,F3,3.0,0.11543624161073826,JT_test,0.05,0.727296
3,3,F3,3.0,0.11543624161073826,DD_test,0.05,0.8033
3,3,F3,3.0,0.11812080536912753,JT_test,0.05,0.726892
3,3,F3,3.0,0.11812080536912753,DD_test,0.05,0.802432
3,3,F3,3.0,0.1208053691275168,JT_test,0.05,0.723176
3,3,F3,3.0,0.1208053691275168,DD_test,0.05,0.798916
3,3,F3,3.0,0.12348993288590605,JT_test,0.05,0.722312
3,3,F3,3.0,0.12348993288590605,DD_test,0.05,0.797052
3,3,F3,3.0,0.1261744966442953,JT_test,0.05,0.722152
3,3,F3,3.0,0.1261744966442953,DD_test,0.05,0.795748
3,3,F3,3.0,0.12885906040268458,JT_test,0.05,0.717764
3,3,F3,3.0,0.12885906040268458,DD_test,0.05,0.79228
3,3,F3,3.0,0.13154362416107385,JT_test,0.05,0.715088
3,3,F3,3.0,0.13154362416107385,DD_test,0.05,0.788768
3,3,F3,3.0,0.13422818791946312,JT_test,0.05,0.714148
3,3,F3,3.0,0.13422818791946312,DD_test,0.05,0.788936
3,3,F3,3.0,0.13691275167785236,JT_test,0.05,0.711884
3,3,F3,3.0,0.13691275167785236,DD_test,0.05,0.786996
3,3,F3,3.0,0.13959731543624163,JT_test,0.05,0.709752
3,3,F3,3.0,0.13959731543624163,DD_test,0.05,0.784752
3,3,F3,3.0,0.1422818791946309,JT_test,0.05,0.707872
3,3,F3,3.0,0.1422818791946309,DD_test,0.05,0.7825
3,3,F3,3.0,0.14496644295302014,JT_test,0.05,0.7052
3,3,F3,3.0,0.14496644295302014,DD_test,0.05,0.780244
3,3,F3,3.0,0.1476510067114094,JT_test,0.05,0.705312
3,3,F3,3.0,0.1476510067114094,DD_test,0.05,0.778496
3,3,F3,3.0,0.15033557046979867,JT_test,0.05,0.700852
3,3,F3,3.0,0.15033557046979867,DD_test,0.05,0.77574
3,3,F3,3.0,0.15302013422818794,JT_test,0.05,0.703076
3,3,F3,3.0,0.15302013422818794,DD_test,0.05,0.776924
3,3,F3,3.0,0.1557046979865772,JT_test,0.05,0.700372
3,3,F3,3.0,0.1557046979865772,DD_test,0.05,0.773728
3,3,F3,3.0,0.15838926174496645,JT_test,0.05,0.696712
3,3,F3,3.0,0.15838926174496645,DD_test,0.05,0.770212
3,3,F3,3.0,0.16107382550335572,JT_test,0.05,0.694956
3,3,F3,3.0,0.16107382550335572,DD_test,0.05,0.769012
3,3,F3,3.0,0.163758389261745,JT_test,0.05,0.693888
3,3,F3,3.0,0.163758389261745,DD_test,0.05,0.767624
3,3,F3,3.0,0.16644295302013423,JT_test,0.05,0.690216
3,3,F3,3.0,0.16644295302013423,DD_test,0.05,0.764544
3,3,F3,3.0,0.1691275167785235,JT_test,0.05,0.687816
3,3,F3,3.0,0.1691275167785235,DD_test,0.05,0.7621
3,3,F3,3.0,0.17181208053691277,JT_test,0.05,0.688212
3,3,F3,3.0,0.17181208053691277,DD_test,0.05,0.761936
3,3,F3,3.0,0.17449664429530204,JT_test,0.05,0.685108
3,3,F3,3.0,0.17449664429530204,DD_test,0.05,0.758404
3,3,F3,3.0,0.1771812080536913,JT_test,0.05,0.681892
3,3,F3,3.0,0.1771812080536913,DD_test,0.05,0.756292
3,3,F3,3.0,0.17986577181208055,JT_test,0.05,0.680024
3,3,F3,3.0,0.17986577181208055,DD_test,0.05,0.754856
3,3,F3,3.0,0.18255033557046982,JT_test,0.05,0.679596
3,3,F3,3.0,0.18255033557046982,DD_test,0.05,0.75338
3,3,F3,3.0,0.1852348993288591,JT_test,0.05,0.67636
3,3,F3,3.0,0.1852348993288591,DD_test,0.05,0.75098
3,3,F3,3.0,0.18791946308724833,JT_test,0.05,0.67548
3,3,F3,3.0,0.18791946308724833,DD_test,0.05,0.749116
3,3,F3,3.0,0.1906040268456376,JT_test,0.05,0.671936
3,3,F3,3.0,0.1906040268456376,DD_test,0.05,0.745988
3,3,F3,3.0,0.19328859060402687,JT_test,0.05,0.671064
3,3,F3,3.0,0.19328859060402687,DD_test,0.05,0.744832
3,3,F3,3.0,0.19597315436241614,JT_test,0.05,0.66804
3,3,F3,3.0,0.19597315436241614,DD_test,0.05,0.743016
3,3,F3,3.0,0.1986577181208054,JT_test,0.05,0.667584
3,3,F3,3.0,0.1986577181208054,DD_test,0.05,0.740464
3,3,F3,3.0,0.20134228187919465,JT_test,0.05,0.665284
3,3,F3,3.0,0.20134228187919465,DD_test,0.05,0.740476
3,3,F3,3.0,0.20402684563758391,JT_test,0.05,0.664068
3,3,F3,3.0,0.20402684563758391,DD_test,0.05,0.736648
3,3,F3,3.0,0.20671140939597318,JT_test,0.05,0.660232
3,3,F3,3.0,0.20671140939597318,DD_test,0.05,0.733616
3,3,F3,3.0,0.20939597315436242,JT_test,0.05,0.659576
3,3,F3,3.0,0.20939597315436242,DD_test,0.05,0.734032
3,3,F3,3.0,0.2120805369127517,JT_test,0.05,0.65728
3,3,F3,3.0,0.2120805369127517,DD_test,0.05,0.729988
3,3,F3,3.0,0.21476510067114096,JT_test,0.05,0.65634
3,3,F3,3.0,0.21476510067114096,DD_test,0.05,0.729228
3,3,F3,3.0,0.21744966442953023,JT_test,0.05,0.653748
3,3,F3,3.0,0.21744966442953023,DD_test,0.05,0.725832
3,3,F3,3.0,0.2201342281879195,JT_test,0.05,0.653288
3,3,F3,3.0,0.2201342281879195,DD_test,0.05,0.72596
3,3,F3,3.0,0.22281879194630874,JT_test,0.05,0.651304
3,3,F3,3.0,0.22281879194630874,DD_test,0.05,0.724336
3,3,F3,3.0,0.225503355704698,JT_test,0.05,0.64904
3,3,F3,3.0,0.225503355704698,DD_test,0.05,0.72352
3,3,F3,3.0,0.22818791946308728,JT_test,0.05,0.645616
3,3,F3,3.0,0.22818791946308728,DD_test,0.05,0.719224
3,3,F3,3.0,0.23087248322147652,JT_test,0.05,0.642288
3,3,F3,3.0,0.23087248322147652,DD_test,0.05,0.716036
3,3,F3,3.0,0.2335570469798658,JT_test,0.05,0.641252
3,3,F3,3.0,0.2335570469798658,DD_test,0.05,0.715868
3,3,F3,3.0,0.23624161073825506,JT_test,0.05,0.640292
3,3,F3,3.0,0.23624161073825506,DD_test,0.05,0.713684
3,3,F3,3.0,0.23892617449664433,JT_test,0.05,0.639524
3,3,F3,3.0,0.23892617449664433,DD_test,0.05,0.712656
3,3,F3,3.0,0.2416107382550336,JT_test,0.05,0.636168
3,3,F3,3.0,0.2416107382550336,DD_test,0.05,0.709304
3,3,F3,3.0,0.24429530201342284,JT_test,0.05,0.633324
3,3,F3,3.0,0.24429530201342284,DD_test,0.05,0.707452
3,3,F3,3.0,0.2469798657718121,JT_test,0.05,0.634768
3,3,F3,3.0,0.2469798657718121,DD_test,0.05,0.707844
3,3,F3,3.0,0.24966442953020138,JT_test,0.05,0.629464
3,3,F3,3.0,0.24966442953020138,DD_test,0.05,0.70416
3,3,F3,3.0,0.2523489932885906,JT_test,0.05,0.626748
3,3,F3,3.0,0.2523489932885906,DD_test,0.05,0.701204
3,3,F3,3.0,0.2550335570469799,JT_test,0.05,0.627176
3,3,F3,3.0,0.2550335570469799,DD_test,0.05,0.70072
3,3,F3,3.0,0.25771812080536916,JT_test,0.05,0.625048
3,3,F3,3.0,0.25771812080536916,DD_test,0.05,0.699968
3,3,F3,3.0,0.2604026845637584,JT_test,0.05,0.625016
3,3,F3,3.0,0.2604026845637584,DD_test,0.05,0.697092
3,3,F3,3.0,0.2630872483221477,JT_test,0.05,0.623888
3,3,F3,3.0,0.2630872483221477,DD_test,0.05,0.696552
3,3,F3,3.0,0.26577181208053696,JT_test,0.05,0.619272
3,3,F3,3.0,0.26577181208053696,DD_test,0.05,0.694308
3,3,F3,3.0,0.26845637583892623,JT_test,0.05,0.617504
3,3,F3,3.0,0.26845637583892623,DD_test,0.05,0.691244
3,3,F3,3.0,0.27114093959731544,JT_test,0.05,0.615724
3,3,F3,3.0,0.27114093959731544,DD_test,0.05,0.688632
3,3,F3,3.0,0.2738255033557047,JT_test,0.05,0.616248
3,3,F3,3.0,0.2738255033557047,DD_test,0.05,0.690068
3,3,F3,3.0,0.276510067114094,JT_test,0.05,0.613324
3,3,F3,3.0,0.276510067114094,DD_test,0.05,0.68678
3,3,F3,3.0,0.27919463087248325,JT_test,0.05,0.610292
3,3,F3,3.0,0.27919463087248325,DD_test,0.05,0.683004
3,3,F3,3.0,0.2818791946308725,JT_test,0.05,0.609288
3,3,F3,3.0,0.2818791946308725,DD_test,0.05,0.682564
3,3,F3,3.0,0.2845637583892618,JT_test,0.05,0.609356
3,3,F3,3.0,0.2845637583892618,DD_test,0.05,0.68302
3,3,F3,3.0,0.28724832214765106,JT_test,0.05,0.606896
3,3,F3,3.0,0.28724832214765106,DD_test,0.05,0.680496
3,3,F3,3.0,0.28993288590604027,JT_test,0.05,0.605056
3,3,F3,3.0,0.28993288590604027,DD_test,0.05,0.67866
3,3,F3,3.0,0.29261744966442954,JT_test,0.05,0.60262
3,3,F3,3.0,0.29261744966442954,DD_test,0.05,0.676628
3,3,F3,3.0,0.2953020134228188,JT_test,0.05,0.6012
3,3,F3,3.0,0.2953020134228188,DD_test,0.05,0.674212
3,3,F3,3.0,0.2979865771812081,JT_test,0.05,0.59934
3,3,F3,3.0,0.2979865771812081,DD_test,0.05,0.674016
3,3,F3,3.0,0.30067114093959735,JT_test,0.05,0.599176
3,3,F3,3.0,0.30067114093959735,DD_test,0.05,0.67216
3,3,F3,3.0,0.3033557046979866,JT_test,0.05,0.5962
3,3,F3,3.0,0.3033557046979866,DD_test,0.05,0.67068
3,3,F3,3.0,0.3060402684563759,JT_test,0.05,0.594264
3,3,F3,3.0,0.3060402684563759,DD_test,0.05,0.667016
3,3,F3,3.0,0.30872483221476515,JT_test,0.05,0.591532
3,3,F3,3.0,0.30872483221476515,DD_test,0.05,0.665008
3,3,F3,3.0,0.3114093959731544,JT_test,0.05,0.589668
3,3,F3,3.0,0.3114093959731544,DD_test,0.05,0.663528
3,3,F3,3.0,0.31409395973154364,JT_test,0.05,0.588924
3,3,F3,3.0,0.31409395973154364,DD_test,0.05,0.662572
3,3,F3,3.0,0.3167785234899329,JT_test,0.05,0.588204
3,3,F3,3.0,0.3167785234899329,DD_test,0.05,0.660572
3,3,F3,3.0,0.3194630872483222,JT_test,0.05,0.585376
3,3,F3,3.0,0.3194630872483222,DD_test,0.05,0.6591
3,3,F3,3.0,0.32214765100671144,JT_test,0.05,0.58234
3,3,F3,3.0,0.32214765100671144,DD_test,0.05,0.656168
3,3,F3,3.0,0.3248322147651007,JT_test,0.05,0.580396
3,3,F3,3.0,0.3248322147651007,DD_test,0.05,0.654992
3,3,F3,3.0,0.32751677852349,JT_test,0.05,0.580228
3,3,F3,3.0,0.32751677852349,DD_test,0.05,0.654792
3,3,F3,3.0,0.33020134228187925,JT_test,0.05,0.579128
3,3,F3,3.0,0.33020134228187925,DD_test,0.05,0.653576
3,3,F3,3.0,0.33288590604026846,JT_test,0.05,0.576592
3,3,F3,3.0,0.33288590604026846,DD_test,0.05,0.651336
3,3,F3,3.0,0.33557046979865773,JT_test,0.05,0.573804
3,3,F3,3.0,0.33557046979865773,DD_test,0.05,0.647612
3,3,F3,3.0,0.338255033557047,JT_test,0.05,0.572656
3,3,F3,3.0,0.338255033557047,DD_test,0.05,0.64658
3,3,F3,3.0,0.34093959731543627,JT_test,0.05,0.571636
3,3,F3,3.0,0.34093959731543627,DD_test,0.05,0.644884
3,3,F3,3.0,0.34362416107382554,JT_test,0.05,0.569552
3,3,F3,3.0,0.34362416107382554,DD_test,0.05,0.643128
3,3,F3,3.0,0.3463087248322148,JT_test,0.05,0.570076
3,3,F3,3.0,0.3463087248322148,DD_test,0.05,0.64372
3,3,F3,3.0,0.3489932885906041,JT_test,0.05,0.56698
3,3,F3,3.0,0.3489932885906041,DD_test,0.05,0.640856
3,3,F3,3.0,0.35167785234899335,JT_test,0.05,0.564256
3,3,F3,3.0,0.35167785234899335,DD_test,0.05,0.637656
3,3,F3,3.0,0.3543624161073826,JT_test,0.05,0.562868
3,3,F3,3.0,0.3543624161073826,DD_test,0.05,0.635764
3,3,F3,3.0,0.35704697986577183,JT_test,0.05,0.560372
3,3,F3,3.0,0.35704697986577183,DD_test,0.05,0.633852
3,3,F3,3.0,0.3597315436241611,JT_test,0.05,0.560184
3,3,F3,3.0,0.3597315436241611,DD_test,0.05,0.633316
3,3,F3,3.0,0.36241610738255037,JT_test,0.05,0.558104
3,3,F3,3.0,0.36241610738255037,DD_test,0.05,0.6321
3,3,F3,3.0,0.36510067114093964,JT_test,0.05,0.55746
3,3,F3,3.0,0.36510067114093964,DD_test,0.05,0.631392
3,3,F3,3.0,0.3677852348993289,JT_test,0.05,0.554124
3,3,F3,3.0,0.3677852348993289,DD_test,0.05,0.628492
3,3,F3,3.0,0.3704697986577182,JT_test,0.05,0.555768
3,3,F3,3.0,0.3704697986577182,DD_test,0.05,0.628456
3,3,F3,3.0,0.37315436241610744,JT_test,0.05,0.552308
3,3,F3,3.0,0.37315436241610744,DD_test,0.05,0.626368
3,3,F3,3.0,0.37583892617449666,JT_test,0.05,0.551272
3,3,F3,3.0,0.37583892617449666,DD_test,0.05,0.625032
3,3,F3,3.0,0.3785234899328859,JT_test,0.05,0.548016
3,3,F3,3.0,0.3785234899328859,DD_test,0.05,0.622824
3,3,F3,3.0,0.3812080536912752,JT_test,0.05,0.546588
3,3,F3,3.0,0.3812080536912752,DD_test,0.05,0.621316
3,3,F3,3.0,0.38389261744966446,JT_test,0.05,0.544896
3,3,F3,3.0,0.38389261744966446,DD_test,0.05,0.618564
3,3,F3,3.0,0.38657718120805373,JT_test,0.05,0.543388
3,3,F3,3.0,0.38657718120805373,DD_test,0.05,0.617172
3,3,F3,3.0,0.389261744966443,JT_test,0.05,0.542664
3,3,F3,3.0,0.389261744966443,DD_test,0.05,0.616104
3,3,F3,3.0,0.39194630872483227,JT_test,0.05,0.539736
3,3,F3,3.0,0.39194630872483227,DD_test,0.05,0.614136
3,3,F3,3.0,0.39463087248322154,JT_test,0.05,0.539332
3,3,F3,3.0,0.39463087248322154,DD_test,0.05,0.613912
3,3,F3,3.0,0.3973154362416108,JT_test,0.05,0.537544
3,3,F3,3.0,0.3973154362416108,DD_test,0.05,0.61054
3,3,F3,3.0,0.4,JT_test,0.05,0.536596
3,3,F3,3.0,0.4,DD_test,0.05,0.610708
3,3,F5,7.5,1.8985,JT_test,0.05,0.988328
3,3,F5,7.5,1.8985,DD_test,0.05,0.996088
3,3,F5,7.5,1.9253456375838927,JT_test,0.05,0.986824
3,3,F5,7.5,1.9253456375838927,DD_test,0.05,0.995276
3,3,F5,7.5,1.9521912751677852,JT_test,0.05,0.98554
3,3,F5,7.5,1.9521912751677852,DD_test,0.05,0.995012
3,3,F5,7.5,1.979036912751678,JT_test,0.05,0.984384
3,3,F5,7.5,1.979036912751678,DD_test,0.05,0.994552
3,3,F5,7.5,2.0058825503355706,JT_test,0.05,0.982612
3,3,F5,7.5,2.0058825503355706,DD_test,0.05,0.993712
3,3,F5,7.5,2.032728187919463,JT_test,0.05,0.980584
3,3,F5,7.5,2.032728187919463,DD_test,0.05,0.992812
3,3,F5,7.5,2.0595738255033558,JT_test,0.05,0.978488
3,3,F5,7.5,2.0595738255033558,DD_test,0.05,0.991872
3,3,F5,7.5,2.0864194630872483,JT_test,0.05,0.976768
3,3,F5,7.5,2.0864194630872483,DD_test,0.05,0.990992
3,3,F5,7.5,2.113265100671141,JT_test,0.05,0.974716
3,3,F5,7.5,2.113265100671141,DD_test,0.05,0.989752
3,3,F5,7.5,2.1401107382550335,JT_test,0.05,0.97258
3,3,F5,7.5,2.1401107382550335,DD_test,0.05,0.988932
3,3,F5,7.5,2.166956375838926,JT_test,0.05,0.9701
3,3,F5,7.5,2.166956375838926,DD_test,0.05,0.987872
3,3,F5,7.5,2.193802013422819,JT_test,0.05,0.967472
3,3,F5,7.5,2.193802013422819,DD_test,0.05,0.986572
3,3,F5,7.5,2.2206476510067112,JT_test,0.05,0.965368
3,3,F5,7.5,2.2206476510067112,DD_test,0.05,0.985436
3,3,F5,7.5,2.2474932885906043,JT_test,0.05,0.962908
3,3,F5,7.5,2.2474932885906043,DD_test,0.05,0.984104
3,3,F5,7.5,2.274338926174497,JT_test,0.05,0.959424
3,3,F5,7.5,2.274338926174497,DD_test,0.05,0.982104
3,3,F5,7.5,2.3011845637583894,JT_test,0.05,0.957068
3,3,F5,7.5,2.3011845637583894,DD_test,0.05,0.98076
3,3,F5,7.5,2.328030201342282,JT_test,0.05,0.954136
3,3,F5,7.5,2.328030201342282,DD_test,0.05,0.979644
3,3,F5,7.5,2.3548758389261746,JT_test,0.05,0.950648
3,3,F5,7.5,2.3548758389261746,DD_test,0.05,0.977428
3,3,F5,7.5,2.381721476510067,JT_test,0.05,0.948444
3,3,F5,7.5,2.381721476510067,DD_test,0.05,0.975952
3,3,F5,7.5,2.4085671140939597,JT_test,0.05,0.944872
3,3,F5,7.5,2.4085671140939597,DD_test,0.05,0.9738
3,3,F5,7.5,2.4354127516778523,JT_test,0.05,0.94138
3,3,F5,7.5,2.4354127516778523,DD_test,0.05,0.971308
3,3,F5,7.5,2.462258389261745,JT_test,0.05,0.937372
3,3,F5,7.5,2.462258389261745,DD_test,0.05,0.969576
3,3,F5,7.5,2.489104026845638,JT_test,0.05,0.934588
3,3,F5,7.5,2.489104026845638,DD_test,0.05,0.967304
3,3,F5,7.5,2.51594966442953,JT_test,0.05,0.9301
3,3,F5,7.5,2.51594966442953,DD_test,0.05,0.965028
3,3,F5,7.5,2.542795302013423,JT_test,0.05,0.926916
3,3,F5,7.5,2.542795302013423,DD_test,0.05,0.962596
3,3,F5,7.5,2.5696409395973157,JT_test,0.05,0.922244
3,3,F5,7.5,2.5696409395973157,DD_test,0.05,0.960768
3,3,F5,7.5,2.5964865771812082,JT_test,0.05,0.918904
3,3,F5,7.5,2.5964865771812082,DD_test,0.05,0.95834
3,3,F5,7.5,2.623332214765101,JT_test,0.05,0.915472
3,3,F5,7.5,2.623332214765101,DD_test,0.05,0.955608
3,3,F5,7.5,2.6501778523489934,JT_test,0.05,0.910468
3,3,F5,7.5,2.6501778523489934,DD_test,0.05,0.951564
3,3,F5,7.5,2.677023489932886,JT_test,0.05,0.906616
3,3,F5,7.5,2.677023489932886,DD_test,0.05,0.94958
3,3,F5,7.5,2.7038691275167785,JT_test,0.05,0.901672
3,3,F5,7.5,2.7038691275167785,DD_test,0.05,0.946644
3,3,F5,7.5,2.730714765100671,JT_test,0.05,0.897756
3,3,F5,7.5,2.730714765100671,DD_test,0.05,0.943396
3,3,F5,7.5,2.7575604026845637,JT_test,0.05,0.89312
3,3,F5,7.5,2.7575604026845637,DD_test,0.05,0.940176
3,3,F5,7.5,2.7844060402684563,JT_test,0.05,0.890004
3,3,F5,7.5,2.7844060402684563,DD_test,0.05,0.937548
3,3,F5,7.5,2.811251677852349,JT_test,0.05,0.88382
3,3,F5,7.5,2.811251677852349,DD_test,0.05,0.9344
3,3,F5,7.5,2.838097315436242,JT_test,0.05,0.879516
3,3,F5,7.5,2.838097315436242,DD_test,0.05,0.930872
3,3,F5,7.5,2.864942953020134,JT_test,0.05,0.87542
3,3,F5,7.5,2.864942953020134,DD_test,0.05,0.927476
3,3,F5,7.5,2.891788590604027,JT_test,0.05,0.871164
3,3,F5,7.5,2.891788590604027,DD_test,0.05,0.924884
3,3,F5,7.5,2.9186342281879196,JT_test,0.05,0.864872
3,3,F5,7.5,2.9186342281879196,DD_test,0.05,0.9195
3,3,F5,7.5,2.945479865771812,JT_test,0.05,0.859844
3,3,F5,7.5,2.945479865771812,DD_test,0.05,0.916428
3,3,F5,7.5,2.972325503355705,JT_test,0.05,0.854692
3,3,F5,7.5,2.972325503355705,DD_test,0.05,0.913024
3,3,F5,7.5,2.9991711409395974,JT_test,0.05,0.851128
3,3,F5,7.5,2.9991711409395974,DD_test,0.05,0.909612
3,3,F5,7.5,3.02601677852349,JT_test,0.05,0.845892
3,3,F5,7.5,3.02601677852349,DD_test,0.05,0.90592
3,3,F5,7.5,3.0528624161073825,JT_test,0.05,0.841544
3,3,F5,7.5,3.0528624161073825,DD_test,0.05,0.90216
3,3,F5,7.5,3.0797080536912755,JT_test,0.05,0.834936
3,3,F5,7.5,3.0797080536912755,DD_test,0.05,0.897144
3,3,F5,7.5,3.1065536912751677,JT_test,0.05,0.830832
3,3,F5,7.5,3.1065536912751677,DD_test,0.05,0.89412
3,3,F5,7.5,3.1333993288590607,JT_test,0.05,0.825376
3,3,F5,7.5,3.1333993288590607,DD_test,0.05,0.889776
3,3,F5,7.5,3.160244966442953,JT_test,0.05,0.820436
3,3,F5,7.5,3.160244966442953,DD_test,0.05,0.886664
3,3,F5,7.5,3.187090604026846,JT_test,0.05,0.816644
3,3,F5,7.5,3.187090604026846,DD_test,0.05,0.882372
3,3,F5,7.5,3.213936241610738,JT_test,0.05,0.811472
3,3,F5,7.5,3.213936241610738,DD_test,0.05,0.878424
3,3,F5,7.5,3.240781879194631,JT_test,0.05,0.805316
3,3,F5,7.5,3.240781879194631,DD_test,0.05,0.874336
3,3,F5,7.5,3.2676275167785236,JT_test,0.05,0.800532
3,3,F5,7.5,3.2676275167785236,DD_test,0.05,0.870264
3,3,F5,7.5,3.294473154362416,JT_test,0.05,0.79446
3,3,F5,7.5,3.294473154362416,DD_test,0.05,0.865776
3,3,F5,7.5,3.3213187919463087,JT_test,0.05,0.787804
3,3,F5,7.5,3.3213187919463087,DD_test,0.05,0.859792
3,3,F5,7.5,3.3481644295302013,JT_test,0.05,0.783584
3,3,F5,7.5,3.3481644295302013,DD_test,0.05,0.855848
3,3,F5,7.5,3.375010067114094,JT_test,0.05,0.7775
3,3,F5,7.5,3.375010067114094,DD_test,0.05,0.851024
3,3,F5,7.5,3.4018557046979865,JT_test,0.05,0.773604
3,3,F5,7.5,3.4018557046979865,DD_test,0.05,0.847996
3,3,F5,7.5,3.4287013422818795,JT_test,0.05,0.767108
3,3,F5,7.5,3.4287013422818795,DD_test,0.05,0.842068
3,3,F5,7.5,3.4555469798657716,JT_test,0.05,0.762632
3,3,F5,7.5,3.4555469798657716,DD_test,0.05,0.838076
3,3,F5,7.5,3.4823926174496647,JT_test,0.05,0.758248
3,3,F5,7.5,3.4823926174496647,DD_test,0.05,0.83486
3,3,F5,7.5,3.509238255033557,JT_test,0.05,0.752524
3,3,F5,7.5,3.509238255033557,DD_test,0.05,0.830128
3,3,F5,7.5,3.53608389261745,JT_test,0.05,0.748076
3,3,F5,7.5,3.53608389261745,DD_test,0.05,0.825944
3,3,F5,7.5,3.5629295302013424,JT_test,0.05,0.743204
3,3,F5,7.5,3.5629295302013424,DD_test,0.05,0.821264
3,3,F5,7.5,3.589775167785235,JT_test,0.05,0.73594
3,3,F5,7.5,3.589775167785235,DD_test,0.05,0.816064
3,3,F5,7.5,3.6166208053691276,JT_test,0.05,0.733472
3,3,F5,7.5,3.6166208053691276,DD_test,0.05,0.812644
3,3,F5,7.5,3.64346644295302,JT_test,0.05,0.72674
3,3,F5,7.5,3.64346644295302,DD_test,0.05,0.807908
3,3,F5,7.5,3.6703120805369127,JT_test,0.05,0.721084
3,3,F5,7.5,3.6703120805369127,DD_test,0.05,0.802256
3,3,F5,7.5,3.6971577181208053,JT_test,0.05,0.717788
3,3,F5,7.5,3.6971577181208053,DD_test,0.05,0.79844
3,3,F5,7.5,3.7240033557046983,JT_test,0.05,0.71104
3,3,F5,7.5,3.7240033557046983,DD_test,0.05,0.794048
3,3,F5,7.5,3.7508489932885904,JT_test,0.05,0.706352
3,3,F5,7.5,3.7508489932885904,DD_test,0.05,0.789312
3,3,F5,7.5,3.7776946308724835,JT_test,0.05,0.70182
3,3,F5,7.5,3.7776946308724835,DD_test,0.05,0.785488
3,3,F5,7.5,3.8045402684563756,JT_test,0.05,0.696652
3,3,F5,7.5,3.8045402684563756,DD_test,0.05,0.77968
3,3,F5,7.5,3.8313859060402686,JT_test,0.05,0.692188
3,3,F5,7.5,3.8313859060402686,DD_test,0.05,0.776164
3,3,F5,7.5,3.858231543624161,JT_test,0.05,0.686448
3,3,F5,7.5,3.858231543624161,DD_test,0.05,0.771684
3,3,F5,7.5,3.885077181208054,JT_test,0.05,0.68096
3,3,F5,7.5,3.885077181208054,DD_test,0.05,0.7661
3,3,F5,7.5,3.911922818791946,JT_test,0.05,0.678284
3,3,F5,7.5,3.911922818791946,DD_test,0.05,0.761732
3,3,F5,7.5,3.938768456375839,JT_test,0.05,0.671632
3,3,F5,7.5,3.938768456375839,DD_test,0.05,0.757124
3,3,F5,7.5,3.965614093959732,JT_test,0.05,0.66668
3,3,F5,7.5,3.965614093959732,DD_test,0.05,0.752888
3,3,F5,7.5,3.992459731543624,JT_test,0.05,0.661512
3,3,F5,7.5,3.992459731543624,DD_test,0.05,0.747828
3,3,F5,7.5,4.019305369127517,JT_test,0.05,0.656624
3,3,F5,7.5,4.019305369127517,DD_test,0.05,0.743868
3,3,F5,7.5,4.046151006711409,JT_test,0.05,0.652732
3,3,F5,7.5,4.046151006711409,DD_test,0.05,0.740024
3,3,F5,7.5,4.072996644295302,JT_test,0.05,0.647492
3,3,F5,7.5,4.072996644295302,DD_test,0.05,0.735216
3,3,F5,7.5,4.099842281879194,JT_test,0.05,0.641636
3,3,F5,7.5,4.099842281879194,DD_test,0.05,0.729156
3,3,F5,7.5,4.126687919463087,JT_test,0.05,0.638772
3,3,F5,7.5,4.126687919463087,DD_test,0.05,0.726692
3,3,F5,7.5,4.15353355704698,JT_test,0.05,0.633816
3,3,F5,7.5,4.15353355704698,DD_test,0.05,0.722432
3,3,F5,7.5,4.180379194630873,JT_test,0.05,0.62984
3,3,F5,7.5,4.180379194630873,DD_test,0.05,0.7183
3,3,F5,7.5,4.207224832214765,JT_test,0.05,0.6256
3,3,F5,7.5,4.207224832214765,DD_test,0.05,0.714796
3,3,F5,7.5,4.234070469798658,JT_test,0.05,0.620012
3,3,F5,7.5,4.234070469798658,DD_test,0.05,0.708096
3,3,F5,7.5,4.260916107382551,JT_test,0.05,0.616144
3,3,F5,7.5,4.260916107382551,DD_test,0.05,0.705096
3,3,F5,7.5,4.287761744966443,JT_test,0.05,0.609576
3,3,F5,7.5,4.287761744966443,DD_test,0.05,0.698848
3,3,F5,7.5,4.314607382550336,JT_test,0.05,0.603552
3,3,F5,7.5,4.314607382550336,DD_test,0.05,0.693548
3,3,F5,7.5,4.341453020134228,JT_test,0.05,0.6016
3,3,F5,7.5,4.341453020134228,DD_test,0.05,0.689812
3,3,F5,7.5,4.368298657718121,JT_test,0.05,0.597336
3,3,F5,7.5,4.368298657718121,DD_test,0.05,0.687408
3,3,F5,7.5,4.395144295302013,JT_test,0.05,0.592324
3,3,F5,7.5,4.395144295302013,DD_test,0.05,0.682264
3,3,F5,7.5,4.421989932885906,JT_test,0.05,0.586576
3,3,F5,7.5,4.421989932885906,DD_test,0.05,0.677208
3,3,F5,7.5,4.448835570469798,JT_test,0.05,0.584456
3,3,F5,7.5,4.448835570469798,DD_test,0.05,0.675268
3,3,F5,7.5,4.475681208053691,JT_test,0.05,0.580748
3,3,F5,7.5,4.475681208053691,DD_test,0.05,0.671448
3,3,F5,7.5,4.5025268456375835,JT_test,0.05,0.575836
3,3,F5,7.5,4.5025268456375835,DD_test,0.05,0.664688
3,3,F5,7.5,4.529372483221477,JT_test,0.05,0.57194
3,3,F5,7.5,4.529372483221477,DD_test,0.05,0.661208
3,3,F5,7.5,4.55621812080537,JT_test,0.05,0.567
3,3,F5,7.5,4.55621812080537,DD_test,0.05,0.65732
3,3,F5,7.5,4.583063758389262,JT_test,0.05,0.562948
3,3,F5,7.5,4.583063758389262,DD_test,0.05,0.652452
3,3,F5,7.5,4.609909395973155,JT_test,0.05,0.558536
3,3,F5,7.5,4.609909395973155,DD_test,0.05,0.648368
3,3,F5,7.5,4.636755033557047,JT_test,0.05,0.554424
3,3,F5,7.5,4.636755033557047,DD_test,0.05,0.643684
3,3,F5,7.5,4.66360067114094,JT_test,0.05,0.55172
3,3,F5,7.5,4.66360067114094,DD_test,0.05,0.642044
3,3,F5,7.5,4.690446308724832,JT_test,0.05,0.545736
3,3,F5,7.5,4.690446308724832,DD_test,0.05,0.635504
3,3,F5,7.5,4.717291946308725,JT_test,0.05,0.5436
3,3,F5,7.5,4.717291946308725,DD_test,0.05,0.633584
3,3,F5,7.5,4.744137583892617,JT_test,0.05,0.53852
3,3,F5,7.5,4.744137583892617,DD_test,0.05,0.627756
3,3,F5,7.5,4.77098322147651,JT_test,0.05,0.536228
3,3,F5,7.5,4.77098322147651,DD_test,0.05,0.625332
3,3,F5,7.5,4.797828859060402,JT_test,0.05,0.531632
3,3,F5,7.5,4.797828859060402,DD_test,0.05,0.620912
3,3,F5,7.5,4.824674496644295,JT_test,0.05,0.527736
3,3,F5,7.5,4.824674496644295,DD_test,0.05,0.61654
3,3,F5,7.5,4.8515201342281875,JT_test,0.05,0.524536
3,3,F5,7.5,4.8515201342281875,DD_test,0.05,0.613944
3,3,F5,7.5,4.8783657718120805,JT_test,0.05,0.519868
3,3,F5,7.5,4.8783657718120805,DD_test,0.05,0.609248
3,3,F5,7.5,4.9052114093959736,JT_test,0.05,0.51622
3,3,F5,7.5,4.9052114093959736,DD_test,0.05,0.60528
3,3,F5,7.5,4.932057046979866,JT_test,0.05,0.5131
3,3,F5,7.5,4.932057046979866,DD_test,0.05,0.601852
3,3,F5,7.5,4.958902684563759,JT_test,0.05,0.509304
3,3,F5,7.5,4.958902684563759,DD_test,0.05,0.597988
3,3,F5,7.5,4.985748322147651,JT_test,0.05,0.507164
3,3,F5,7.5,4.985748322147651,DD_test,0.05,0.595324
3,3,F5,7.5,5.012593959731544,JT_test,0.05,0.502116
3,3,F5,7.5,5.012593959731544,DD_test,0.05,0.590596
3,3,F5,7.5,5.039439597315436,JT_test,0.05,0.498116
3,3,F5,7.5,5.039439597315436,DD_test,0.05,0.586848
3,3,F5,7.5,5.066285234899329,JT_test,0.05,0.49564
3,3,F5,7.5,5.066285234899329,DD_test,0.05,0.58338
3,3,F5,7.5,5.093130872483221,JT_test,0.05,0.491128
3,3,F5,7.5,5.093130872483221,DD_test,0.05,0.58036
3,3,F5,7.5,5.119976510067114,JT_test,0.05,0.488376
3,3,F5,7.5,5.119976510067114,DD_test,0.05,0.5761
3,3,F5,7.5,5.146822147651006,JT_test,0.05,0.486528
3,3,F5,7.5,5.146822147651006,DD_test,0.05,0.57436
3,3,F5,7.5,5.173667785234899,JT_test,0.05,0.481876
3,3,F5,7.5,5.173667785234899,DD_test,0.05,0.569828
3,3,F5,7.5,5.200513422818792,JT_test,0.05,0.478452
3,3,F5,7.5,5.200513422818792,DD_test,0.05,0.565336
3,3,F5,7.5,5.2273590604026845,JT_test,0.05,0.475632
3,3,F5,7.5,5.2273590604026845,DD_test,0.05,0.562544
3,3,F5,7.5,5.2542046979865775,JT_test,0.05,0.471944
3,3,F5,7.5,5.2542046979865775,DD_test,0.05,0.559772
3,3,F5,7.5,5.28105033557047,JT_test,0.05,0.467548
3,3,F5,7.5,5.28105033557047,DD_test,0.05,0.554924
3,3,F5,7.5,5.307895973154363,JT_test,0.05,0.464712
3,3,F5,7.5,5.307895973154363,DD_test,0.05,0.550764
3,3,F5,7.5,5.334741610738255,JT_test,0.05,0.461732
3,3,F5,7.5,5.334741610738255,DD_test,0.05,0.549416
3,3,F5,7.5,5.361587248322148,JT_test,0.05,0.459012
3,3,F5,7.5,5.361587248322148,DD_test,0.05,0.545568
3,3,F5,7.5,5.38843288590604,JT_test,0.05,0.456456
3,3,F5,7.5,5.38843288590604,DD_test,0.05,0.543116
3,3,F5,7.5,5.415278523489933,JT_test,0.05,0.453368
3,3,F5,7.5,5.415278523489933,DD_test,0.05,0.538436
3,3,F5,7.5,5.442124161073825,JT_test,0.05,0.449868
3,3,F5,7.5,5.442124161073825,DD_test,0.05,0.536404
3,3,F5,7.5,5.468969798657718,JT_test,0.05,0.447272
3,3,F5,7.5,5.468969798657718,DD_test,0.05,0.533456
3,3,F5,7.5,5.495815436241611,JT_test,0.05,0.444156
3,3,F5,7.5,5.495815436241611,DD_test,0.05,0.529216
3,3,F5,7.5,5.522661073825503,JT_test,0.05,0.441684
3,3,F5,7.5,5.522661073825503,DD_test,0.05,0.526828
3,3,F5,7.5,5.549506711409396,JT_test,0.05,0.439988
3,3,F5,7.5,5.549506711409396,DD_test,0.05,0.524308
3,3,F5,7.5,5.5763523489932885,JT_test,0.05,0.436268
3,3,F5,7.5,5.5763523489932885,DD_test,0.05,0.520912
3,3,F5,7.5,5.6031979865771815,JT_test,0.05,0.431092
3,3,F5,7.5,5.6031979865771815,DD_test,0.05,0.516832
3,3,F5,7.5,5.630043624161074,JT_test,0.05,0.4307
3,3,F5,7.5,5.630043624161074,DD_test,0.05,0.515024
3,3,F5,7.5,5.656889261744967,JT_test,0.05,0.425592
3,3,F5,7.5,5.656889261744967,DD_test,0.05,0.51092
3,3,F5,7.5,5.683734899328859,JT_test,0.05,0.423932
3,3,F5,7.5,5.683734899328859,DD_test,0.05,0.508112
3,3,F5,7.5,5.710580536912752,JT_test,0.05,0.420768
3,3,F5,7.5,5.710580536912752,DD_test,0.05,0.50396
3,3,F5,7.5,5.737426174496644,JT_test,0.05,0.417804
3,3,F5,7.5,5.737426174496644,DD_test,0.05,0.500788
3,3,F5,7.5,5.764271812080537,JT_test,0.05,0.415432
3,3,F5,7.5,5.764271812080537,DD_test,0.05,0.499584
3,3,F5,7.5,5.791117449664429,JT_test,0.05,0.413324
3,3,F5,7.5,5.791117449664429,DD_test,0.05,0.496816
3,3,F5,7.5,5.817963087248322,JT_test,0.05,0.409252
3,3,F5,7.5,5.817963087248322,DD_test,0.05,0.49284
3,3,F5,7.5,5.844808724832215,JT_test,0.05,0.407356
3,3,F5,7.5,5.844808724832215,DD_test,0.05,0.489608
3,3,F5,7.5,5.871654362416107,JT_test,0.05,0.405108
3,3,F5,7.5,5.871654362416107,DD_test,0.05,0.487208
3,3,F5,7.5,5.8985,JT_test,0.05,0.40236
3,3,F5,7.5,5.8985,DD_test,0.05,0.484652
3,3,F7,7.5,3.5133,JT_test,0.05,0.935916
3,3,F7,7.5,3.5133,DD_test,0.05,0.962768
3,3,F7,7.5,3.5401456375838927,JT_test,0.05,0.9332
3,3,F7,7.5,3.5401456375838927,DD_test,0.05,0.96134
3,3,F7,7.5,3.5669912751677852,JT_test,0.05,0.931056
3,3,F7,7.5,3.5669912751677852,DD_test,0.05,0.959716
3,3,F7,7.5,3.593836912751678,JT_test,0.05,0.928164
3,3,F7,7.5,3.593836912751678,DD_test,0.05,0.957928
3,3,F7,7.5,3.6206825503355704,JT_test,0.05,0.926656
3,3,F7,7.5,3.6206825503355704,DD_test,0.05,0.956652
3,3,F7,7.5,3.647528187919463,JT_test,0.05,0.923336
3,3,F7,7.5,3.647528187919463,DD_test,0.05,0.954144
3,3,F7,7.5,3.6743738255033556,JT_test,0.05,0.92152
3,3,F7,7.5,3.6743738255033556,DD_test,0.05,0.953
3,3,F7,7.5,3.7012194630872486,JT_test,0.05,0.919116
3,3,F7,7.5,3.7012194630872486,DD_test,0.05,0.951032
3,3,F7,7.5,3.728065100671141,JT_test,0.05,0.915752
3,3,F7,7.5,3.728065100671141,DD_test,0.05,0.948964
3,3,F7,7.5,3.7549107382550337,JT_test,0.05,0.914316
3,3,F7,7.5,3.7549107382550337,DD_test,0.05,0.948032
3,3,F7,7.5,3.7817563758389263,JT_test,0.05,0.911384
3,3,F7,7.5,3.7817563758389263,DD_test,0.05,0.945716
3,3,F7,7.5,3.808602013422819,JT_test,0.05,0.908696
3,3,F7,7.5,3.808602013422819,DD_test,0.05,0.943352
3,3,F7,7.5,3.8354476510067115,JT_test,0.05,0.906336
3,3,F7,7.5,3.8354476510067115,DD_test,0.05,0.942472
3,3,F7,7.5,3.862293288590604,JT_test,0.05,0.90328
3,3,F7,7.5,3.862293288590604,DD_test,0.05,0.939152
3,3,F7,7.5,3.8891389261744966,JT_test,0.05,0.899576
3,3,F7,7.5,3.8891389261744966,DD_test,0.05,0.937112
3,3,F7,7.5,3.915984563758389,JT_test,0.05,0.897716
3,3,F7,7.5,3.915984563758389,DD_test,0.05,0.935292
3,3,F7,7.5,3.942830201342282,JT_test,0.05,0.894012
3,3,F7,7.5,3.942830201342282,DD_test,0.05,0.933512
3,3,F7,7.5,3.9696758389261744,JT_test,0.05,0.892148
3,3,F7,7.5,3.9696758389261744,DD_test,0.05,0.932236
3,3,F7,7.5,3.9965214765100674,JT_test,0.05,0.888888
3,3,F7,7.5,3.9965214765100674,DD_test,0.05,0.929996
3,3,F7,7.5,4.0233671140939595,JT_test,0.05,0.8855
3,3,F7,7.5,4.0233671140939595,DD_test,0.05,0.927416
3,3,F7,7.5,4.0502127516778526,JT_test,0.05,0.883368
3,3,F7,7.5,4.0502127516778526,DD_test,0.05,0.924824
3,3,F7,7.5,4.077058389261745,JT_test,0.05,0.880776
3,3,F7,7.5,4.077058389261745,DD_test,0.05,0.922536
3,3,F7,7.5,4.103904026845638,JT_test,0.05,0.878216
3,3,F7,7.5,4.103904026845638,DD_test,0.05,0.92112
3,3,F7,7.5,4.13074966442953,JT_test,0.05,0.874388
3,3,F7,7.5,4.13074966442953,DD_test,0.05,0.917808
3,3,F7,7.5,4.157595302013423,JT_test,0.05,0.871632
3,3,F7,7.5,4.157595302013423,DD_test,0.05,0.9159
3,3,F7,7.5,4.184440939597316,JT_test,0.05,0.868164
3,3,F7,7.5,4.184440939597316,DD_test,0.05,0.913992
3,3,F7,7.5,4.211286577181208,JT_test,0.05,0.864092
3,3,F7,7.5,4.211286577181208,DD_test,0.05,0.910768
3,3,F7,7.5,4.238132214765101,JT_test,0.05,0.860368
3,3,F7,7.5,4.238132214765101,DD_test,0.05,0.907296
3,3,F7,7.5,4.264977852348993,JT_test,0.05,0.858436
3,3,F7,7.5,4.264977852348993,DD_test,0.05,0.906156
3,3,F7,7.5,4.291823489932886,JT_test,0.05,0.855572
3,3,F7,7.5,4.291823489932886,DD_test,0.05,0.903968
3,3,F7,7.5,4.318669127516778,JT_test,0.05,0.851796
3,3,F7,7.5,4.318669127516778,DD_test,0.05,0.902036
3,3,F7,7.5,4.345514765100671,JT_test,0.05,0.848744
3,3,F7,7.5,4.345514765100671,DD_test,0.05,0.898608
3,3,F7,7.5,4.3723604026845635,JT_test,0.05,0.847328
3,3,F7,7.5,4.3723604026845635,DD_test,0.05,0.896468
3,3,F7,7.5,4.3992060402684565,JT_test,0.05,0.842076
3,3,F7,7.5,4.3992060402684565,DD_test,0.05,0.893396
3,3,F7,7.5,4.4260516778523495,JT_test,0.05,0.839708
3,3,F7,7.5,4.4260516778523495,DD_test,0.05,0.891008
3,3,F7,7.5,4.452897315436242,JT_test,0.05,0.836188
3,3,F7,7.5,4.452897315436242,DD_test,0.05,0.888804
3,3,F7,7.5,4.479742953020134,JT_test,0.05,0.832792
3,3,F7,7.5,4.479742953020134,DD_test,0.05,0.885524
3,3,F7,7.5,4.506588590604027,JT_test,0.05,0.828956
3,3,F7,7.5,4.506588590604027,DD_test,0.05,0.882784
3,3,F7,7.5,4.53343422818792,JT_test,0.05,0.825976
3,3,F7,7.5,4.53343422818792,DD_test,0.05,0.880916
3,3,F7,7.5,4.560279865771812,JT_test,0.05,0.82152
3,3,F7,7.5,4.560279865771812,DD_test,0.05,0.877564
3,3,F7,7.5,4.587125503355705,JT_test,0.05,0.819236
3,3,F7,7.5,4.587125503355705,DD_test,0.05,0.875196
3,3,F7,7.5,4.613971140939597,JT_test,0.05,0.815724
3,3,F7,7.5,4.613971140939597,DD_test,0.05,0.872108
3,3,F7,7.5,4.64081677852349,JT_test,0.05,0.813092
3,3,F7,7.5,4.64081677852349,DD_test,0.05,0.869012
3,3,F7,7.5,4.667662416107382,JT_test,0.05,0.809336
3,3,F7,7.5,4.667662416107382,DD_test,0.05,0.866416
3,3,F7,7.5,4.694508053691275,JT_test,0.05,0.805372
3,3,F7,7.5,4.694508053691275,DD_test,0.05,0.863628
3,3,F7,7.5,4.7213536912751675,JT_test,0.05,0.802004
3,3,F7,7.5,4.7213536912751675,DD_test,0.05,0.860796
3,3,F7,7.5,4.7481993288590605,JT_test,0.05,0.799136
3,3,F7,7.5,4.7481993288590605,DD_test,0.05,0.857588
3,3,F7,7.5,4.7750449664429535,JT_test,0.05,0.794964
3,3,F7,7.5,4.7750449664429535,DD_test,0.05,0.854428
3,3,F7,7.5,4.801890604026846,JT_test,0.05,0.79394
3,3,F7,7.5,4.801890604026846,DD_test,0.05,0.853796
3,3,F7,7.5,4.828736241610738,JT_test,0.05,0.788416
3,3,F7,7.5,4.828736241610738,DD_test,0.05,0.848564
3,3,F7,7.5,4.855581879194631,JT_test,0.05,0.785404
3,3,F7,7.5,4.855581879194631,DD_test,0.05,0.846068
3,3,F7,7.5,4.882427516778524,JT_test,0.05,0.78318
3,3,F7,7.5,4.882427516778524,DD_test,0.05,0.844124
3,3,F7,7.5,4.909273154362416,JT_test,0.05,0.779368
3,3,F7,7.5,4.909273154362416,DD_test,0.05,0.841436
3,3,F7,7.5,4.936118791946309,JT_test,0.05,0.7764
3,3,F7,7.5,4.936118791946309,DD_test,0.05,0.838484
3,3,F7,7.5,4.962964429530201,JT_test,0.05,0.771168
3,3,F7,7.5,4.962964429530201,DD_test,0.05,0.835012
3,3,F7,7.5,4.989810067114094,JT_test,0.05,0.769572
3,3,F7,7.5,4.989810067114094,DD_test,0.05,0.833212
3,3,F7,7.5,5.016655704697987,JT_test,0.05,0.76526
3,3,F7,7.5,5.016655704697987,DD_test,0.05,0.827768
3,3,F7,7.5,5.043501342281879,JT_test,0.05,0.76166
3,3,F7,7.5,5.043501342281879,DD_test,0.05,0.826144
3,3,F7,7.5,5.070346979865771,JT_test,0.05,0.758752
3,3,F7,7.5,5.070346979865771,DD_test,0.05,0.823256
3,3,F7,7.5,5.0971926174496645,JT_test,0.05,0.755912
3,3,F7,7.5,5.0971926174496645,DD_test,0.05,0.820772
3,3,F7,7.5,5.1240382550335575,JT_test,0.05,0.7507
3,3,F7,7.5,5.1240382550335575,DD_test,0.05,0.817488
3,3,F7,7.5,5.15088389261745,JT_test,0.05,0.749312
3,3,F7,7.5,5.15088389261745,DD_test,0.05,0.81464
3,3,F7,7.5,5.177729530201343,JT_test,0.05,0.745828
3,3,F7,7.5,5.177729530201343,DD_test,0.05,0.811932
3,3,F7,7.5,5.204575167785235,JT_test,0.05,0.742012
3,3,F7,7.5,5.204575167785235,DD_test,0.05,0.80906
3,3,F7,7.5,5.231420805369128,JT_test,0.05,0.736688
3,3,F7,7.5,5.231420805369128,DD_test,0.05,0.806544
3,3,F7,7.5,5.25826644295302,JT_test,0.05,0.735552
3,3,F7,7.5,5.25826644295302,DD_test,0.05,0.80318
3,3,F7,7.5,5.285112080536913,JT_test,0.05,0.731676
3,3,F7,7.5,5.285112080536913,DD_test,0.05,0.800252
3,3,F7,7.5,5.311957718120805,JT_test,0.05,0.727672
3,3,F7,7.5,5.311957718120805,DD_test,0.05,0.796532
3,3,F7,7.5,5.338803355704698,JT_test,0.05,0.725064
3,3,F7,7.5,5.338803355704698,DD_test,0.05,0.79346
3,3,F7,7.5,5.365648993288591,JT_test,0.05,0.721244
3,3,F7,7.5,5.365648993288591,DD_test,0.05,0.791352
3,3,F7,7.5,5.392494630872483,JT_test,0.05,0.717668
3,3,F7,7.5,5.392494630872483,DD_test,0.05,0.787
3,3,F7,7.5,5.419340268456375,JT_test,0.05,0.715956
3,3,F7,7.5,5.419340268456375,DD_test,0.05,0.78498
3,3,F7,7.5,5.446185906040268,JT_test,0.05,0.712812
3,3,F7,7.5,5.446185906040268,DD_test,0.05,0.782912
3,3,F7,7.5,5.473031543624161,JT_test,0.05,0.709912
3,3,F7,7.5,5.473031543624161,DD_test,0.05,0.7791
3,3,F7,7.5,5.499877181208054,JT_test,0.05,0.705264
3,3,F7,7.5,5.499877181208054,DD_test,0.05,0.775324
3,3,F7,7.5,5.526722818791946,JT_test,0.05,0.702432
3,3,F7,7.5,5.526722818791946,DD_test,0.05,0.774012
3,3,F7,7.5,5.553568456375839,JT_test,0.05,0.69886
3,3,F7,7.5,5.553568456375839,DD_test,0.05,0.77088
3,3,F7,7.5,5.580414093959732,JT_test,0.05,0.695048
3,3,F7,7.5,5.580414093959732,DD_test,0.05,0.766776
3,3,F7,7.5,5.607259731543625,JT_test,0.05,0.690448
3,3,F7,7.5,5.607259731543625,DD_test,0.05,0.763348
3,3,F7,7.5,5.634105369127517,JT_test,0.05,0.690096
3,3,F7,7.5,5.634105369127517,DD_test,0.05,0.761952
3,3,F7,7.5,5.660951006711409,JT_test,0.05,0.685236
3,3,F7,7.5,5.660951006711409,DD_test,0.05,0.75682
3,3,F7,7.5,5.687796644295302,JT_test,0.05,0.681964
3,3,F7,7.5,5.687796644295302,DD_test,0.05,0.75498
3,3,F7,7.5,5.714642281879195,JT_test,0.05,0.677552
3,3,F7,7.5,5.714642281879195,DD_test,0.05,0.751492
3,3,F7,7.5,5.741487919463087,JT_test,0.05,0.674472
3,3,F7,7.5,5.741487919463087,DD_test,0.05,0.748096
3,3,F7,7.5,5.768333557046979,JT_test,0.05,0.672084
3,3,F7,7.5,5.768333557046979,DD_test,0.05,0.745808
3,3,F7,7.5,5.795179194630872,JT_test,0.05,0.670752
3,3,F7,7.5,5.795179194630872,DD_test,0.05,0.745952
3,3,F7,7.5,5.822024832214765,JT_test,0.05,0.666416
3,3,F7,7.5,5.822024832214765,DD_test,0.05,0.740008
3,3,F7,7.5,5.8488704697986575,JT_test,0.05,0.662744
3,3,F7,7.5,5.8488704697986575,DD_test,0.05,0.737092
3,3,F7,7.5,5.875716107382551,JT_test,0.05,0.660136
3,3,F7,7.5,5.875716107382551,DD_test,0.05,0.73462
3,3,F7,7.5,5.902561744966443,JT_test,0.05,0.655516
3,3,F7,7.5,5.902561744966443,DD_test,0.05,0.730552
3,3,F7,7.5,5.929407382550336,JT_test,0.05,0.655316
3,3,F7,7.5,5.929407382550336,DD_test,0.05,0.728988
3,3,F7,7.5,5.956253020134229,JT_test,0.05,0.651
3,3,F7,7.5,5.956253020134229,DD_test,0.05,0.725896
3,3,F7,7.5,5.983098657718121,JT_test,0.05,0.64852
3,3,F7,7.5,5.983098657718121,DD_test,0.05,0.722688
3,3,F7,7.5,6.009944295302013,JT_test,0.05,0.643804
3,3,F7,7.5,6.009944295302013,DD_test,0.05,0.719268
3,3,F7,7.5,6.036789932885906,JT_test,0.05,0.64096
3,3,F7,7.5,6.036789932885906,DD_test,0.05,0.717332
3,3,F7,7.5,6.063635570469799,JT_test,0.05,0.63816
3,3,F7,7.5,6.063635570469799,DD_test,0.05,0.713952
3,3,F7,7.5,6.090481208053691,JT_test,0.05,0.634388
3,3,F7,7.5,6.090481208053691,DD_test,0.05,0.709888
3,3,F7,7.5,6.117326845637583,JT_test,0.05,0.632332
3,3,F7,7.5,6.117326845637583,DD_test,0.05,0.70698
3,3,F7,7.5,6.144172483221476,JT_test,0.05,0.62856
3,3,F7,7.5,6.144172483221476,DD_test,0.05,0.704416
3,3,F7,7.5,6.171018120805369,JT_test,0.05,0.624132
3,3,F7,7.5,6.171018120805369,DD_test,0.05,0.699864
3,3,F7,7.5,6.197863758389262,JT_test,0.05,0.622396
3,3,F7,7.5,6.197863758389262,DD_test,0.05,0.698112
3,3,F7,7.5,6.2247093959731545,JT_test,0.05,0.618688
3,3,F7,7.5,6.2247093959731545,DD_test,0.05,0.69538
3,3,F7,7.5,6.251555033557047,JT_test,0.05,0.616292
3,3,F7,7.5,6.251555033557047,DD_test,0.05,0.692276
3,3,F7,7.5,6.27840067114094,JT_test,0.05,0.615192
3,3,F7,7.5,6.27840067114094,DD_test,0.05,0.69058
3,3,F7,7.5,6.305246308724833,JT_test,0.05,0.611784
3,3,F7,7.5,6.305246308724833,DD_test,0.05,0.687684
3,3,F7,7.5,6.332091946308725,JT_test,0.05,0.607064
3,3,F7,7.5,6.332091946308725,DD_test,0.05,0.68426
3,3,F7,7.5,6.358937583892617,JT_test,0.05,0.605376
3,3,F7,7.5,6.358937583892617,DD_test,0.05,0.681988
3,3,F7,7.5,6.38578322147651,JT_test,0.05,0.603416
3,3,F7,7.5,6.38578322147651,DD_test,0.05,0.67956
3,3,F7,7.5,6.412628859060403,JT_test,0.05,0.600528
3,3,F7,7.5,6.412628859060403,DD_test,0.05,0.677016
3,3,F7,7.5,6.439474496644295,JT_test,0.05,0.596956
3,3,F7,7.5,6.439474496644295,DD_test,0.05,0.67478
3,3,F7,7.5,6.466320134228187,JT_test,0.05,0.593868
3,3,F7,7.5,6.466320134228187,DD_test,0.05,0.670072
3,3,F7,7.5,6.49316577181208,JT_test,0.05,0.591304
3,3,F7,7.5,6.49316577181208,DD_test,0.05,0.666808
3,3,F7,7.5,6.520011409395973,JT_test,0.05,0.587696
3,3,F7,7.5,6.520011409395973,DD_test,0.05,0.664736
3,3,F7,7.5,6.546857046979866,JT_test,0.05,0.58498
3,3,F7,7.5,6.546857046979866,DD_test,0.05,0.6622
3,3,F7,7.5,6.5737026845637585,JT_test,0.05,0.582152
3,3,F7,7.5,6.5737026845637585,DD_test,0.05,0.659264
3,3,F7,7.5,6.600548322147651,JT_test,0.05,0.580776
3,3,F7,7.5,6.600548322147651,DD_test,0.05,0.657172
3,3,F7,7.5,6.627393959731544,JT_test,0.05,0.5779
3,3,F7,7.5,6.627393959731544,DD_test,0.05,0.65482
3,3,F7,7.5,6.654239597315437,JT_test,0.05,0.572752
3,3,F7,7.5,6.654239597315437,DD_test,0.05,0.649276
3,3,F7,7.5,6.681085234899329,JT_test,0.05,0.571132
3,3,F7,7.5,6.681085234899329,DD_test,0.05,0.648156
3,3,F7,7.5,6.707930872483221,JT_test,0.05,0.566836
3,3,F7,7.5,6.707930872483221,DD_test,0.05,0.643844
3,3,F7,7.5,6.734776510067114,JT_test,0.05,0.566392
3,3,F7,7.5,6.734776510067114,DD_test,0.05,0.643
3,3,F7,7.5,6.761622147651007,JT_test,0.05,0.563232
3,3,F7,7.5,6.761622147651007,DD_test,0.05,0.640556
3,3,F7,7.5,6.788467785234899,JT_test,0.05,0.561496
3,3,F7,7.5,6.788467785234899,DD_test,0.05,0.637324
3,3,F7,7.5,6.815313422818792,JT_test,0.05,0.556484
3,3,F7,7.5,6.815313422818792,DD_test,0.05,0.635464
3,3,F7,7.5,6.842159060402684,JT_test,0.05,0.5546
3,3,F7,7.5,6.842159060402684,DD_test,0.05,0.63272
3,3,F7,7.5,6.869004697986577,JT_test,0.05,0.552172
3,3,F7,7.5,6.869004697986577,DD_test,0.05,0.629888
3,3,F7,7.5,6.89585033557047,JT_test,0.05,0.551104
3,3,F7,7.5,6.89585033557047,DD_test,0.05,0.628024
3,3,F7,7.5,6.9226959731543625,JT_test,0.05,0.546996
3,3,F7,7.5,6.9226959731543625,DD_test,0.05,0.62288
3,3,F7,7.5,6.949541610738255,JT_test,0.05,0.544524
3,3,F7,7.5,6.949541610738255,DD_test,0.05,0.622104
3,3,F7,7.5,6.976387248322148,JT_test,0.05,0.54094
3,3,F7,7.5,6.976387248322148,DD_test,0.05,0.618188
3,3,F7,7.5,7.003232885906041,JT_test,0.05,0.53954
3,3,F7,7.5,7.003232885906041,DD_test,0.05,0.616136
3,3,F7,7.5,7.030078523489933,JT_test,0.05,0.534192
3,3,F7,7.5,7.030078523489933,DD_test,0.05,0.611332
3,3,F7,7.5,7.056924161073825,JT_test,0.05,0.533756
3,3,F7,7.5,7.056924161073825,DD_test,0.05,0.610832
3,3,F7,7.5,7.083769798657718,JT_test,0.05,0.53304
3,3,F7,7.5,7.083769798657718,DD_test,0.05,0.60918
3,3,F7,7.5,7.110615436241611,JT_test,0.05,0.53064
3,3,F7,7.5,7.110615436241611,DD_test,0.05,0.60674
3,3,F7,7.5,7.137461073825504,JT_test,0.05,0.52774
3,3,F7,7.5,7.137461073825504,DD_test,0.05,0.605052
3,3,F7,7.5,7.164306711409396,JT_test,0.05,0.524088
3,3,F7,7.5,7.164306711409396,DD_test,0.05,0.600176
3,3,F7,7.5,7.191152348993288,JT_test,0.05,0.521176
3,3,F7,7.5,7.191152348993288,DD_test,0.05,0.598832
3,3,F7,7.5,7.217997986577181,JT_test,0.05,0.517536
3,3,F7,7.5,7.217997986577181,DD_test,0.05,0.593776
3,3,F7,7.5,7.244843624161074,JT_test,0.05,0.517936
3,3,F7,7.5,7.244843624161074,DD_test,0.05,0.594288
3,3,F7,7.5,7.271689261744966,JT_test,0.05,0.514948
3,3,F7,7.5,7.271689261744966,DD_test,0.05,0.5915
3,3,F7,7.5,7.298534899328859,JT_test,0.05,0.512312
3,3,F7,7.5,7.298534899328859,DD_test,0.05,0.588288
3,3,F7,7.5,7.325380536912752,JT_test,0.05,0.5073
3,3,F7,7.5,7.325380536912752,DD_test,0.05,0.584952
3,3,F7,7.5,7.352226174496645,JT_test,0.05,0.505732
3,3,F7,7.5,7.352226174496645,DD_test,0.05,0.583652
3,3,F7,7.5,7.379071812080537,JT_test,0.05,0.504672
3,3,F7,7.5,7.379071812080537,DD_test,0.05,0.580532
3,3,F7,7.5,7.405917449664429,JT_test,0.05,0.501724
3,3,F7,7.5,7.405917449664429,DD_test,0.05,0.578172
3,3,F7,7.5,7.432763087248322,JT_test,0.05,0.500372
3,3,F7,7.5,7.432763087248322,DD_test,0.05,0.575892
3,3,F7,7.5,7.459608724832215,JT_test,0.05,0.496904
3,3,F7,7.5,7.459608724832215,DD_test,0.05,0.572816
3,3,F7,7.5,7.486454362416108,JT_test,0.05,0.494244
3,3,F7,7.5,7.486454362416108,DD_test,0.05,0.570332
3,3,F7,7.5,7.5133,JT_test,0.05,0.494224
3,3,F7,7.5,7.5133,DD_test,0.05,0.57012
